{
  "extensions": [
    "GitHub.github-vscode-theme",
    "esbenp.prettier-vscode",
    "dbaeumer.vscode-eslint",
    "ritwickdey.LiveServer",
    "stylelint.vscode-stylelint"
  ],
  "settings": {
    "workbench.colorTheme": "Default Light+",
    "extensions.autoCheckUpdates": false,
    "editor.minimap.enabled": false,
    "editor.wordWrap": "on",
    "extensions.autoUpdate": false,
    "editor.defaultFormatter": null,
    "editor.formatOnSave": false,
    "[javascript]": {
      "editor.defaultFormatter": "esbenp.prettier-vscode",
      "editor.formatOnSave": true
    },
    "terminal.integrated.fontSize": 18,
    "editor.fontSize": 18
  },
  "onCreateCommand": "echo PS1='\"$ \"' >> ~/.bashrc", // Set Terminal Prompt to $
  "waitFor": "onCreateCommand",
  "updateContentCommand": "npm install"
}
// DevContainer Reference: https://code.visualstudio.com/docs/remote/devcontainerjson-reference